{
  "id": "1663488",
  "name": "icloud-music",
  "font_family": "iconfont",
  "css_prefix_text": "icon-",
  "description": "",
  "glyphs": [
    {
      "icon_id": "368730",
      "name": "MV",
      "font_class": "mv",
      "unicode": "e8a5",
      "unicode_decimal": 59557
    },
    {
      "icon_id": "1009325",
      "name": "录音机",
      "font_class": "icon09",
      "unicode": "e605",
      "unicode_decimal": 58885
    },
    {
      "icon_id": "1535102",
      "name": "mv",
      "font_class": "mv1",
      "unicode": "e600",
      "unicode_decimal": 58880
    },
    {
      "icon_id": "2074681",
      "name": "列表",
      "font_class": "liebiao",
      "unicode": "e601",
      "unicode_decimal": 58881
    },
    {
      "icon_id": "2957872",
      "name": "录音机",
      "font_class": "luyinji",
      "unicode": "e603",
      "unicode_decimal": 58883
    },
    {
      "icon_id": "3482193",
      "name": "音乐",
      "font_class": "yinle17",
      "unicode": "e602",
      "unicode_decimal": 58882
    },
    {
      "icon_id": "5557376",
      "name": "排行榜",
      "font_class": "paihangbang",
      "unicode": "e681",
      "unicode_decimal": 59009
    },
    {
      "icon_id": "7101024",
      "name": "mv",
      "font_class": "mv2",
      "unicode": "e615",
      "unicode_decimal": 58901
    },
    {
      "icon_id": "7312125",
      "name": "排行榜",
      "font_class": "paihangbang1",
      "unicode": "e67b",
      "unicode_decimal": 59003
    },
    {
      "icon_id": "7700852",
      "name": "mv",
      "font_class": "mv3",
      "unicode": "e65a",
      "unicode_decimal": 58970
    },
    {
      "icon_id": "8395294",
      "name": "音乐",
      "font_class": "ziyuan",
      "unicode": "e604",
      "unicode_decimal": 58884
    },
    {
      "icon_id": "8623417",
      "name": "星星",
      "font_class": "xingxing",
      "unicode": "e7a4",
      "unicode_decimal": 59300
    },
    {
      "icon_id": "9439461",
      "name": "列表",
      "font_class": "liebiao1",
      "unicode": "e606",
      "unicode_decimal": 58886
    },
    {
      "icon_id": "10556613",
      "name": "音乐",
      "font_class": "yinle",
      "unicode": "e608",
      "unicode_decimal": 58888
    },
    {
      "icon_id": "10879226",
      "name": "列表",
      "font_class": "liebiao2",
      "unicode": "e97e",
      "unicode_decimal": 59774
    },
    {
      "icon_id": "11667215",
      "name": "列表",
      "font_class": "liebiao3",
      "unicode": "e7b0",
      "unicode_decimal": 59312
    },
    {
      "icon_id": "12648913",
      "name": "排行榜",
      "font_class": "icon-test",
      "unicode": "e607",
      "unicode_decimal": 58887
    },
    {
      "icon_id": "12701671",
      "name": "icon_录音机",
      "font_class": "icon_luyinji",
      "unicode": "e609",
      "unicode_decimal": 58889
    },
    {
      "icon_id": "13219536",
      "name": "排行榜",
      "font_class": "paihangbang1-copy",
      "unicode": "e97f",
      "unicode_decimal": 59775
    }
  ]
}
